{"name": "Василий", "accounts": [{"name": "На жизнь", "system": "MasterCard Mass", "number": "8888 0000 8888 0000", "type": "дебетовая", "balance": 88540, "validity period": "09/2024"}, {"name": "Сбережения", "system": "MIR Classic", "number": "7777 0000 7777 0000", "type": "дебетовая", "balance": 37659, "validity period": "11/2023"}, {"name": "На путешествие", "system": "MasterCard Mass", "number": "5555 0000 5555 0000", "type": "дебетовая", "balance": 24500, "validity period": "09/2024"}, {"name": "На новый компьютер", "system": "MasterCard Mass", "number": "3333 0000 4444 0000", "type": "дебетовая", "balance": 29980, "validity period": "09/2026"}], "transactions": [{"account": "8888 0000 8888 0000", "type": "списание", "date": {"year": 2022, "month": 8}, "amount": 1000}, {"account": "8888 0000 8888 0000", "type": "списание", "date": {"year": 2022, "month": 9}, "amount": 500}, {"account": "8888 0000 8888 0000", "type": "списание", "date": {"year": 2022, "month": 10}, "amount": 1000}, {"account": "8888 0000 8888 0000", "type": "зачисление", "date": {"year": 2022, "month": 10}, "amount": 10000}, {"account": "7777 0000 7777 0000", "type": "зачисление", "date": {"year": 2022, "month": 10}, "amount": 5000}, {"account": "8888 0000 8888 0000", "type": "списание", "date": {"year": 2022, "month": 4}, "amount": 1000}, {"account": "7777 0000 7777 0000", "type": "зачисление", "date": {"year": 2024, "month": 1}, "amount": 1000}, {"account": "8888 0000 8888 0000", "type": "списание", "date": {"year": 2024, "month": 1}, "amount": 100}, {"account": "8888 0000 8888 0000", "type": "зачисление", "date": {"year": 2021, "month": 1}, "amount": 100000}, {"account": "7777 0000 7777 0000", "type": "зачисление", "date": {"year": 2024, "month": 5}, "amount": 5000}, {"account": "7777 0000 7777 0000", "type": "зачисление", "date": {"year": 2024, "month": 8}, "amount": 900}, {"account": "8888 0000 8888 0000", "type": "списание", "date": {"year": 2024, "month": 8}, "amount": 900}, {"account": "3333 0000 4444 0000", "type": "списание", "date": {"year": 2024, "month": 8}, "amount": 20}, {"account": "7777 0000 7777 0000", "type": "зачисление", "date": {"year": 2024, "month": 8}, "amount": 500}, {"account": "8888 0000 8888 0000", "type": "списание", "date": {"year": 2024, "month": 8}, "amount": 500}, {"account": "8888 0000 8888 0000", "type": "зачисление", "date": {"year": 2024, "month": 8}, "amount": 500}, {"account": "5555 0000 5555 0000", "type": "списание", "date": {"year": 2024, "month": 8}, "amount": 500}, {"account": "8888 0000 8888 0000", "type": "зачисление", "date": {"year": 2024, "month": 8}, "amount": 1}, {"account": "7777 0000 7777 0000", "type": "списание", "date": {"year": 2024, "month": 8}, "amount": 1}, {"account": "8888 0000 8888 0000", "type": "зачисление", "date": {"year": 2024, "month": 8}, "amount": 199}, {"account": "7777 0000 7777 0000", "type": "списание", "date": {"year": 2024, "month": 8}, "amount": 199}]}